Title,Company Name,Date,Location,Salary,Keywords Found
Data Analyst (Ohayu at Genesis),Genesis,13 серпня 2024,"Київ, Варшава (Польща), віддалено",,"SQL, Tableau"
Data Analyst (RnD),Brainstack,3 вересня 2024,"Київ, віддалено",,"Python, SQL, Tableau, Excel, PostgreSQL, AWS"
Product Analyst,WiX,5 серпня 2024,Київ,,SQL
HR Analyst (with PowerBI),JustAnswer,27 серпня 2024,Львів,,"SQL, Excel"
Data Analyst,"ТОВ ""Укр Кредит Финанс""",29 липня 2024,"Київ, віддалено",від $2000," R , SQL, Excel"
Data Analyst,Livingston Research,7 серпня 2024,віддалено,,"Python,  R , SQL, Excel, Google Sheets"
Senior Product Analyst,JustAnswer,27 серпня 2024,"Львів, Ужгород, віддалено",,"Python, SQL, Excel"
Senior Product Analyst for Setapp,MacPaw,28 липня 2024,"Київ, за кордоном, віддалено",,"Python, SQL, Tableau, Power BI"
Middle Data Analyst,Нова Пошта,7 серпня 2024,Київ,,"Python, SQL, Tableau, Excel"
Middle Business Analyst (CRM),Нова Пошта,14 серпня 2024,Київ,,
Business Analyst,Ajax Systems,11 вересня 2024,Київ,,
DATA Head of analytics and reporting,UKRSIBTECH,11 вересня 2024,Київ,,SQL
Business Analyst,PIN-UP Global,11 вересня 2024,віддалено,,Excel
Product Data Analyst,Ardas,11 вересня 2024,"Дніпро, віддалено",,"SQL, Tableau, Power BI, Excel"
Workforce Planning Manager,Cosmobet,11 вересня 2024,віддалено,,Excel
Бізнес аналітик,Ericsson,11 вересня 2024,віддалено,,
Senior Financial Analyst,All Right,11 вересня 2024,віддалено,,"SQL, Excel"
Бізнес аналітик,"Банк ""КЛІРИНГОВИЙ ДІМ""",11 вересня 2024,Київ,$1500–2000,
Business Analyst (Middle),MK-Consulting,11 вересня 2024,Київ,,
Senior Business Analyst (with BSS or Telecom) (#1718),N-iX,11 вересня 2024,"Київ, Львів, Дніпро, Вінниця, Івано-Франківськ, Тернопіль, віддалено",,"SQL, Excel"
Junior Market Research Analyst (#2067),N-iX,11 вересня 2024,"Київ, Львів, Дніпро, Вінниця, Івано-Франківськ, Тернопіль, віддалено",,Excel
Senior SQL Engineer/Data Analyst (#2055),N-iX,11 вересня 2024,"Київ, Львів, Дніпро, Вінниця, Івано-Франківськ, Тернопіль, віддалено",,"SQL, Excel"
Finance Analyst (#2057),N-iX,11 вересня 2024,"Київ, Львів, Дніпро, Вінниця, Івано-Франківськ, Тернопіль, віддалено",,"Excel, Google Sheets"
Business analyst,Nova Digital,11 вересня 2024,"Київ, віддалено",,
Аналітик комп’ютерних систем,Nova Digital,11 вересня 2024,"Київ, віддалено",,"SQL, Tableau, PostgreSQL"
Marketing Data Analyst,Uklon,10 вересня 2024,Київ,,"Python, SQL, Tableau"
Бізнес/cистемний аналітик в Дію,Дія,10 вересня 2024 бронювання,Київ,,
Business Analyst,ПриватБанк,10 вересня 2024,віддалено,,SQL
Lead Business Analyst (Blockchain),Boosty Labs,10 вересня 2024,"Київ, віддалено",,
Middle Business Analyst (ID 208),HELSI,10 вересня 2024,Київ,,"SQL, NoSQL"
Lead Business Analyst,Avenga,10 вересня 2024,"Київ, Харків, Львів, Вінниця, Івано-Франківськ, Луцьк, Полтава, Хмельницький, Черкаси, за кордоном, віддалено",,
Data Business Analyst,FAVBET Tech,10 вересня 2024,"Київ, віддалено",,"Python, SQL, Tableau, Power BI"
Data Analyst,GR8 Tech,10 вересня 2024,"Moldova, віддалено",,"Python, SQL, Scala, Tableau, AWS"
Senior Business Analyst (WMS),Nova Digital,10 вересня 2024,"Київ, віддалено",,
Strong Junior / Middle Business Analyst (Проект ДСНС),"""ІНФОТЕХ""",10 вересня 2024 govtech,Київ,,
Junior+ Web Analyst,Inweb,10 вересня 2024,"Одеса, віддалено",,"Python,  R , SQL, Java, Power BI, Google Sheets"
Marketing Data Analyst,PixelTeh,10 вересня 2024,віддалено,$1000–1500,"SQL, Tableau, Power BI"
Business Analyst / Proxy PO,Introduct Group,10 вересня 2024,"Київ, Таллінн (Естонія), віддалено",,"SQL, Tableau, Power BI, Excel"
Application Analyst,Materialise,10 вересня 2024,Київ,,"Excel, Azure"
Аналітик SAP,NOVUS,10 вересня 2024 бронювання,Київ,$1000–2000,
Product Analyst (Universe Group),Genesis,9 вересня 2024,"Київ, гібрид",,"Python, SQL, Tableau, AWS"
Junior System Analyst (ID 000177),OTP Bank Ukraine,9 вересня 2024 бронювання,"Київ, віддалено",,SQL
Data analyst,"ТОВ ""Сінево Україна""",9 вересня 2024 бронювання,Київ,,SQL
Business analyst 1С/ BAS,Resorcer,9 вересня 2024,"Київ, віддалено",,
Головний аналітик даних Управління продажів карткових продуктів,ПриватБанк,9 вересня 2024,"Київ, Дніпро",,"SQL, Tableau"
Marketing Analyst (Manifest),BOOSTERS (partner of Genesis),9 вересня 2024,"Київ, віддалено",,"Tableau, Power BI, Excel, Google Sheets"
Investment Analyst,RISK Inc,9 вересня 2024,віддалено,,
Business Data Analyst Poker / Game Integrity Specialist,PIN-UP Global,9 вересня 2024,"Київ, Єреван (Вірменія), Варшава (Польща), Лімасол (Кіпр), віддалено",,
Financial Data Analyst,airSlate,9 вересня 2024,Київ,,Excel
Workforce Analyst,Everstar,9 вересня 2024 miltech бронювання,Київ,,"Tableau, Power BI, Excel"
Operations Analyst,Solidgate,9 вересня 2024 Перша робота,Київ,,"Python, SQL, Tableau"
Data analyst,Fintech Farm,9 вересня 2024,"Дніпро, Лондон (Велика Британія), віддалено",,SQL
Business Analyst senior,Nova Digital,9 вересня 2024,Київ,,
Data analyst,Сільпо,9 вересня 2024,Київ,,"SQL, Power BI, Spark"
Data Analyst Team Lead,Сільпо,9 вересня 2024,Київ,,"Python, SQL, Spark"
Senior Business Analyst,MODUS X,9 вересня 2024,Київ,,
System Analyst (Telecom),IT SmartFlex,9 вересня 2024,"Київ, віддалено",,SQL
Business Analyst,MEGOGO,9 вересня 2024,"Київ, віддалено",,
Middle Data Analyst (QA Engineer),SpaceWhale,9 вересня 2024,"Київ, віддалено",,"Python, SQL, Scala, Excel, AWS, Azure"
Senior Data analyst,Rich Media Systems,9 вересня 2024,віддалено,,"Python, SQL, Tableau, Excel"
Data Analyst,Raiffeisen Bank,9 вересня 2024,Київ,,"Python,  R , SQL, Java, Power BI, Spark, Kafka, AWS"
Sales Analyst,Vodafone Україна,9 вересня 2024,Київ,,"SQL, Tableau, Excel"
System Analyst,Vodafone Україна,9 вересня 2024,Київ,,Java
"Бізнес-аналітик, консультант Microsoft Dynamics 365 (CRM)",Progresia,7 вересня 2024,віддалено,,
Викладач курсу Business Analyst,Lemon.School,7 вересня 2024,віддалено,,
Junior Operations Specialist (Analytics),Solidgate,7 вересня 2024 Перша робота,Київ,,"SQL, Tableau, Excel"
Middle Data/Product Analyst at Petcube,"Petcube, Inc.",6 вересня 2024,віддалено,,"Python, SQL, Excel"
Junior Data Analyst,maxidtp,6 вересня 2024,віддалено,,"Python, SQL, Power BI, Azure"
Senior Game Product Analyst,Murka Games,6 вересня 2024 GameDev,"Лімасол (Кіпр), віддалено",,"SQL, Tableau"
System Analyst,SMART business,6 вересня 2024,"Київ, Львів, Варшава (Польща), віддалено",,"Power BI, Azure"
Business Analyst,Kyivstar.Tech,6 вересня 2024,"Київ, віддалено",,"SQL, Excel, PostgreSQL, MongoDB"
E-Commerce Business Analyst,WebbyLab,6 вересня 2024,"Київ, віддалено",,"Scala, Excel"
Системний Аналітик (System Аnalyst),CS Ltd,6 вересня 2024,віддалено,,SQL
Strategy & Operations Analyst (Impulse),Genesis,6 вересня 2024,"Київ, гібрид, Київ, офіс, Київ, віддалено",,"Tableau, Excel"
Marketing & Operations Analyst (Impulse),Genesis,6 вересня 2024,"Київ, гібрид, Київ, офіс, віддалено",,Excel
Data analyst/Data Scientist,"Медична лабораторія ""DILA""",6 вересня 2024,"Київ, віддалено",,"Python,  R , SQL, Power BI, NoSQL"
Middle Business Analyst (FinTech),Globaldev Group,6 вересня 2024,віддалено,,
Business Analyst/Product Owner (contract cooperation),Selecto,6 вересня 2024,"Львів, Рівне, за кордоном, віддалено",,
Product Data Analyst,AMO,6 вересня 2024,"Київ, віддалено",,"Python, SQL, Tableau"
Business Analyst,Kitsoft,6 вересня 2024,"Київ, віддалено",,
Business analyst,Інститут аналітики та адвокації (ІАА),6 вересня 2024,"Київ, віддалено",$1200–2000,
Payment Product Manager (JustDone & Manifest),BOOSTERS (partner of Genesis),6 вересня 2024,"Київ, віддалено",,"Tableau, Power BI, Excel"
Workforce Analyst,SMART business,6 вересня 2024,"Київ, Львів, Варшава (Польща), віддалено",,"Tableau, Power BI, Excel, Azure"
Data analyst (SQL),UKRSIBTECH,5 вересня 2024,віддалено,,"SQL, Power BI"
SOC аналітик,Nova Digital,5 вересня 2024,Київ,,SQL
Trainee Data Analyst,ABP,5 вересня 2024,Одеса,$300–500,"Python, SQL, Power BI, Azure"
Senior Business Analyst/Product Owner (with technical background),Synergetica,5 вересня 2024,"Київ, Дніпро, за кордоном, віддалено",,
MS Dynamics ERP Business Analyst,Nova Digital,5 вересня 2024,віддалено,,
Middle Business Analyst,ПриватБанк,5 вересня 2024,"Дніпро, віддалено",,
Business Analyst,"АБ ""УКРГАЗБАНК""",5 вересня 2024 бронювання,віддалено,,"SQL, NoSQL"
Data scientist,CFG,5 вересня 2024,віддалено,,"Python, Pandas, NumPy, Matplotlib, Scikit-learn, SQL, Excel"
Старший менеджер-аналітик кредитного процесу,UKRSIBTECH,5 вересня 2024,"Київ, віддалено",,SQL
Business Analyst,IGAMA.tech,5 вересня 2024,Київ,,
Senior Business Data Analyst,WiX,4 вересня 2024,Київ,,"SQL, Tableau, Excel"
Business Data Analyst,WiX,4 вересня 2024,Київ,,"SQL, Tableau"
Business Analyst (IT project),Kyivstar.Tech,4 вересня 2024,Київ,,SQL
Senior Data Analyst/Product Manager,SciForce,4 вересня 2024,,,"Python, SQL, Tableau, Power BI, Excel, Hadoop, Spark, AWS, Azure"
Помічник бухгалтера,Pixoram,4 вересня 2024,Київ,,"Excel, Google Sheets"
Product Owner (BA),Symphony Solutions,4 вересня 2024,віддалено,,"Scala, Excel"
Business Analyst (WMS),Ajax Systems,4 вересня 2024,Київ,,
Senior Data Analyst,FYST,4 вересня 2024,віддалено,,"Python, SQL, Tableau, Power BI, Excel"
Middle Business Analyst,Nova Digital,4 вересня 2024,"Київ, віддалено",,
Product Analyst,Universe Group,3 вересня 2024,Київ (гібрид),,"Python, SQL, Tableau, AWS"
Data Analyst,Recruiting Agency Escadra.,3 вересня 2024 бронювання,віддалено,,Excel
Business Analyst,Pecode,3 вересня 2024,"Львів, віддалено",$1500–2500,
Financial Analyst (Junior),Uklon,3 вересня 2024,Київ,,Excel
Бізнес-аналітик,Palmo,3 вересня 2024,"Івано-Франківськ, віддалено",,
Бізнес-аналітик,UKRSIBTECH,3 вересня 2024,Київ,,SQL
Middle Business/System Analyst,Lobby X,3 вересня 2024,"Київ, віддалено",,
Strong Junior Business Analyst,Globaldev Group,3 вересня 2024,"Київ, Одеса, Вінниця, Варшава (Польща), Краків (Польща), віддалено",,
Data Analyst,MWDN,3 вересня 2024,віддалено,,"Python, Matplotlib, Seaborn, SQL, Tableau, Power BI, Excel, Hadoop, Spark"
Senior/Middle Бізнес-аналітик (напрямок Retail),ROZETKA,3 вересня 2024,Київ,,
Business Analyst,Syndicode,3 вересня 2024,віддалено,,Excel
Business analyst,"Медична лабораторія ""DILA""",3 вересня 2024,віддалено,,SQL
DATA ANALYST,Сили Оборони України,3 вересня 2024 сили оборони,Київ,від $500,"SQL, Tableau, Power BI, PostgreSQL"
Banking BI/DW Analyst,Adastra Digital,3 вересня 2024,"Братислава (Словаччина), віддалено",від $2000,"SQL, Tableau"
Data Analyst,Lingopie,3 вересня 2024,віддалено,,"SQL, Tableau, Excel"
Web Analyst/Web аналітик,Recruiting Agency Escadra.,3 вересня 2024 бронювання,віддалено,,"SQL, Excel"
Middle/Senior Product Analyst,JatApp,3 вересня 2024,"Київ, за кордоном, віддалено",,"Python, SQL, Tableau, Power BI, AWS"
Middle/Senior Data Analyst,iSpeedtoLead,3 вересня 2024,віддалено,$3000–3500,"Python, Excel"
"IT Business Analyst (Salesforce CPQ, billing, eCommerce)",Materialise,3 вересня 2024,Київ,,Excel
IT Business Analyst (IT Off the Shelf Applications & Platforms),Materialise,3 вересня 2024,Київ,,"Excel, Azure"
Marketing Specialist (B2B) (ID 177),HELSI,3 вересня 2024,"Київ, віддалено",,
Data analyst,SpaceCrew Finance Company,3 вересня 2024,"Київ, віддалено",$1000–1500,"Python, SQL, Power BI, Google Sheets"
Product Data Analyst,"Zeely, Inc.",2 вересня 2024,віддалено,,"Pandas, NumPy, SQL, Tableau, Power BI, PostgreSQL"
Product Analyst for Setapp (Middle),MacPaw,2 вересня 2024,"Київ, за кордоном, віддалено",,"Python, SQL, Tableau"
Бізнес Аналітик SAP,ITExpert - IT Recruitment agency,2 вересня 2024 бронювання,,,
Data analyst (Marketing),UKRSIBTECH,2 вересня 2024,Київ,,"Python, SQL, Power BI, Excel"
Marketing Analyst,Softsich,2 вересня 2024,віддалено,,"Python, SQL, Tableau, Power BI, Excel, Google Sheets, NoSQL"
Junior Data analyst,TechMagic,2 вересня 2024 Перша робота,"Київ, Львів, віддалено",,"Python, SQL, Excel"
Product Analyst,Quarks,2 вересня 2024,Київ,,"SQL, Tableau, Power BI"
Middle Marketing Data Analyst,Quarks,2 вересня 2024,"Київ, гібрид",,"Python, SQL, Tableau, Excel"
Analyst,Sense Bank,2 вересня 2024,Київ,,SQL
Business analyst,Sense Bank,2 вересня 2024,Київ,,SQL
Senior Data Analyst (Web team),BetterMe,2 вересня 2024,"Київ, віддалено",,"Python, SQL, Tableau, Excel"
Middle Business Analyst,Evergreen,2 вересня 2024,"Київ, за кордоном, віддалено",$1400–2200,
Lead BI/Marketing Analyst,NewGMedia,2 вересня 2024,"Київ, Львів, віддалено",,"Python, SQL, Tableau, Power BI, Excel, PostgreSQL, Kafka"
Data Analyst,Kiss My Apps,2 вересня 2024,віддалено,,"Python, Pandas, NumPy, SQL, Tableau, Power BI, Excel"
Business Analyst,Growe,2 вересня 2024,за кордоном,,
Senior QA/BA Engineer,Proxet,2 вересня 2024,"Вроцлав (Польща), віддалено",,"SQL, Java, Azure"
Business Analyst,Software Development Hub,2 вересня 2024,віддалено,,
Data Analyst (UNDP),UN Volunteers,2 вересня 2024,$2076,$2076,Excel
Middle Business Analyst,Mind Studios,2 вересня 2024,"Дніпро, віддалено",,SQL
Product/Data Analyst,Solidgate,2 вересня 2024,Київ,,"Python, SQL, Java, Tableau, PostgreSQL, AWS"
System Analyst (ID 000146),OTP Bank Ukraine,2 вересня 2024 бронювання,"Київ, віддалено",,SQL
Senior Data Analyst with Data Vault experience,Academy SMART,2 вересня 2024,віддалено,,Excel
Data Analyst,SKELAR,2 вересня 2024,Київ,,"SQL, Tableau"
data analyst,ESCA,2 вересня 2024,Дніпро,$850–900,"SQL, Excel"
Senior Product Analyst,Megafair games,2 вересня 2024,віддалено,,"SQL, Power BI, Excel"
Data analytics (part-time),WizardsDev,2 вересня 2024,віддалено,,
Аналітик з дослідження товарного ринку,OKKO Group,2 вересня 2024 бронювання,Львів,,"SQL, Power BI, Excel"
Analyst,Укртелеком,2 вересня 2024,віддалено,до $1000,
Technical Project Manager,Interactive Online Technologies,1 вересня 2024,віддалено,від $2500,"SQL, Excel, NoSQL, Azure"
Провідний аналітик data science з дослідження клієнтських даних,ПриватБанк,30 серпня 2024,"Дніпро, віддалено",,"Python, SQL"
Бізнес-аналітик з автоматизації бухгалтерського обліку,KERNEL,30 серпня 2024 бронювання,Київ,,"Power BI, Excel"
Бізнес Аналітик процесів кредитного ризик-менеджменту,Raiffeisen Bank,30 серпня 2024,"Київ, віддалено",,"SQL, Power BI, AWS"
Digital analyst,MEGOGO,30 серпня 2024,Київ,,"Power BI, Excel"
Business Analyst,"ПАТ ""Банк Восток""",30 серпня 2024,"Київ, віддалено",,SQL
Business Analyst,Pecan Solutions,30 серпня 2024,віддалено,,
Business Analyst (Kyivstar TV),1+1 media,30 серпня 2024,Київ,,SQL
Lead Data Analyst,Bini Games,30 серпня 2024 GameDev,віддалено,,"Python, Pandas, NumPy, Matplotlib, SQL, Tableau, Power BI, AWS, GCP"
Бізнес-аналітик даних,MHP,30 серпня 2024,Київ,$1800–2100,
Marketing Analyst,GG.BET,30 серпня 2024,Київ,,Excel
Business Analyst,FRDM Group,30 серпня 2024 miltech бронювання,Київ,до $1100,
Business analyst / Requirements Manager,Corefy,30 серпня 2024,"Київ, за кордоном, віддалено",,AWS
Senior Data Analyst,Digis,29 серпня 2024,віддалено,,Power BI
Project Assistant/ Administrator (ID:1237),Infopulse,29 серпня 2024,віддалено,,"Tableau, Excel, Azure"
Системний аналітик,"Банк ""КЛІРИНГОВИЙ ДІМ""",29 серпня 2024,Київ,$1500–2300,
Business Analyst,Opinov8,29 серпня 2024,"Київ, за кордоном, віддалено",,Spark
BI Analyst,Студія HR рішень,29 серпня 2024,віддалено,,"Python,  R , SQL, Excel"
Middle Business Analyst,VeliTech,29 серпня 2024,"Київ, віддалено",,SQL
Middle Business Analyst,GR8 Tech,29 серпня 2024,"Bulgaria, Kazakhstan, Moldova, Poland, Portugal, Romania, Лімасол (Кіпр), Прага (Чехія), віддалено",,"SQL, Scala"
Marketing Data Analyst,Tonti Laguna Group,29 серпня 2024,віддалено,,"SQL, Excel, Google Sheets"
System Business Analyst (with PM skills),Telesens IT,29 серпня 2024,"Харків, віддалено",,
Product Web Analyst,iSpeedtoLead,29 серпня 2024,віддалено,,"Tableau, Excel"
Middle Business Analyst,Nova Digital,28 серпня 2024,віддалено,,"Python, SQL, Tableau, Power BI, PostgreSQL"
Security Analyst,SoftConstruct Ukraine,28 серпня 2024,віддалено,,"Python, AWS, GCP"
DATA System Analyst,UKRSIBTECH,28 серпня 2024,"Київ, віддалено",,SQL
Middle Product Analyst,appflame,28 серпня 2024,Київ,,"Python, SQL, Tableau"
Business Analyst (Middle/Senior),Attract Group,28 серпня 2024,віддалено,,
Junior Product Analyst,appflame,28 серпня 2024,Київ,,"Python, SQL, Tableau"
Business analyst,antoshka.ua,28 серпня 2024,віддалено,,"SQL, Power BI, Excel"
Investment Analyst,Energame,28 серпня 2024,Лімасол (Кіпр),,
Senior Business Analyst,Customertimes,27 серпня 2024,"Київ, Львів, Познань (Польща), віддалено",,"SQL, Power BI, Excel"
Business Analyst,SoftBees,27 серпня 2024,віддалено,,"Tableau, Power BI"
Data Analyst,Growe,27 серпня 2024,Варшава (Польща),,"Python, SQL, Tableau, Excel"
Strategy manager in Growth team (Genesis R&D),Genesis,27 серпня 2024,Київ,,"Python, SQL, Excel"
Business Analyst,Integrity Vision,27 серпня 2024,віддалено,,"SQL, Java, PostgreSQL"
Head of Analytics,Softsich,27 серпня 2024,віддалено,,"Python, SQL, Tableau, NoSQL, Kafka, AWS"
Junior/Intermediate Business Analyst,Dev.Pro,27 серпня 2024,"Пловдив (Болгарія), Порту (Португалія), Вроцлав (Польща)",,Azure
Бізнес-аналітик (Zoho CRM),CRMiUM,27 серпня 2024,"за кордоном, віддалено",$1000–1600,
Business Analyst,Join.To.IT,27 серпня 2024,Київ,,
Product Owner (B2C) (ID 156),HELSI,27 серпня 2024,"Київ, віддалено",,
Fraud Analyst,DMarket (acquired by Mythical Games),27 серпня 2024 GameDev,"Київ, віддалено",,"SQL, Excel"
Lead Business Analyst,Paymentop,27 серпня 2024,"за кордоном, віддалено",,"SQL, Java, Tableau, Power BI, Excel"
Strong Middle/Senior Product Analyst,JatApp,27 серпня 2024,"Київ, за кордоном, віддалено",,"SQL, Tableau"
Business Analyst/Account Manager,BotsCrew,27 серпня 2024,Львів,,Excel
Business Analyst,SkyUp Airlines,27 серпня 2024,"Київ, віддалено",,Excel
Senior Data Analyst (Старший Аналітик),LOOQME,27 серпня 2024,віддалено,,"Python,  R , SQL, Tableau, Power BI, Excel"
System Analyst (ID 000146),OTP Bank Ukraine,27 серпня 2024 бронювання,Київ,,SQL
Business Analyst & Validation Engineer in Machine Learning Team,ZONE3000,27 серпня 2024,віддалено,,"Python, SQL"
Research Analyst,MWDN,26 серпня 2024,віддалено,,"Python, SQL"
Junior Cybersecurity Analyst,EY Ukraine,26 серпня 2024 Перша робота,"Київ, віддалено",,"SQL, Excel"
Бізнес-аналітик в BizDev департамент PSP,Corytech,26 серпня 2024,Київ,,"SQL, Excel"
Product Analyst,SKELAR,26 серпня 2024,"Київ, за кордоном, віддалено",,"SQL, Tableau"
CRM Analyst,Kyivstar.Tech,26 серпня 2024,"Київ, віддалено",,"SQL, MongoDB"
Бізнес-аналітик,Kyivstar.Tech,26 серпня 2024,"Київ, віддалено",,SQL
SQL Server Developer,SKELAR,26 серпня 2024,Київ,,SQL
Lead Business Analyst,Nova Digital,26 серпня 2024,Київ,,
Data Analyst,Державний Оператор Тилу,26 серпня 2024 miltech бронювання,Київ,$100–1200,"Python, SQL, Excel"
Бізнес-аналітик / Business Analyst (ВА),Health24,26 серпня 2024,Київ,$1500–2500,
Business analyst (Generative AI напрямок),IT SmartFlex,26 серпня 2024,віддалено,,
Middle Data Analyst (wellbeing product),SKELAR,26 серпня 2024,"Київ, за кордоном",,"Python, SQL, Tableau, Excel, Google Sheets"
IT Analyst,Nectain,26 серпня 2024,віддалено,,"SQL, Java, Excel, PostgreSQL"
Business Analyst,IT SmartFlex,26 серпня 2024,віддалено,,
Product analyst,UKRSIBTECH,26 серпня 2024,Київ,,"SQL, Power BI"
Integration Engineer,Growe,26 серпня 2024,"Варшава (Польща), віддалено",,"Python, SQL, Scala, Tableau, PostgreSQL, MongoDB, AWS"
Junior Marketing Analyst (Manifest),BOOSTERS (partner of Genesis),26 серпня 2024 Перша робота,"Київ, віддалено",,"Tableau, Power BI, Excel, Google Sheets"
Growth Revenue Analyst,RIA.com,26 серпня 2024,"Київ, Вінниця, віддалено",,"SQL, Tableau"
Business Analyst,Digital Hiring,25 серпня 2024,,,
Business Analyst,Gamzix,25 серпня 2024,"Київ, Варшава (Польща), віддалено",,Excel
Analyst,Automat-it,25 серпня 2024 Перша робота,"Київ, Львів",,"Excel, Google Sheets, AWS"
Business Analyst (process mining),BPA.pro,24 серпня 2024,віддалено,$1500–3000,
Junior Product Analyst,Genesis,23 серпня 2024,"Київ, гібрид, Київ, офіс, віддалено",,"Tableau, Excel"
Business Analyst with Network Experience,Erbis,23 серпня 2024,"Краків (Польща), віддалено",,Excel
Senior System Analyst,Deloitte,23 серпня 2024,"Київ, віддалено",,
Lead Product Analyst,Smart Project,23 серпня 2024 GameDev,"Дніпро, Прага (Чехія), віддалено",,"SQL, Tableau, Excel"
"Бізнес-аналітик (Агро, Продажі, виробництово)",MHP,23 серпня 2024,"Київ, віддалено",,SQL
Business Analyst,ТОВ «ТЕРУМ ГРУП»,23 серпня 2024,Київ,$1000–1200,
Junior Data Analyst,Keiki,23 серпня 2024,Київ,,"Python, SQL, Tableau, Power BI"
IT бізнес аналітик,Nova Digital,23 серпня 2024,"Київ, Варшава (Польща), віддалено",,Excel
Creatio Specialist,Deloitte,23 серпня 2024,Київ,,
Бізнес аналітик,"""Бей-Транс""",23 серпня 2024,Львів,,
Аналітик даних (Data Analyst),Державна служба статистики України,23 серпня 2024 govtech,Київ,,Python
BI аналітик (BI Analyst),Державна служба статистики України,23 серпня 2024 govtech,Київ,,Tableau
Data Analyst Team Lead,Державна служба статистики України,23 серпня 2024 govtech,Київ,,"Python, Pandas, Power BI"
Business Analyst,Deloitte,23 серпня 2024,"Київ, віддалено",,
BI Specialist,MWDN,23 серпня 2024,віддалено,,"SQL, Tableau"
Product Analyst,United Tech,23 серпня 2024,"Київ, віддалено",,"Python, SQL, Tableau"
Middle Product Analyst | 6037,Genesis,23 серпня 2024,віддалено,,"Python, SQL, Tableau"
Business Analyst,WarpJump Company,23 серпня 2024,віддалено,,
Молодший бізнес-аналітик,De Novo,23 серпня 2024,Київ,,
Business Analyst,MindK,23 серпня 2024,за кордоном,,
Аналітик бізнес процесів (військова служба на медичний проєкт),Сили Оборони України,23 серпня 2024 сили оборони,Київ,$500–550,
Дата-аналітик (військова служба на медичний проєкт),Сили Оборони України,23 серпня 2024 сили оборони,Київ,$500–550,"SQL, Power BI"
Data Curation Associate,Lyft,22 серпня 2024 Перша робота,"Київ, віддалено",,
Business Analyst / Product Owner,"ГО ""Аеророзвідка""",22 серпня 2024 miltech,Київ,,
Product & Operations Analyst (Impulse),Genesis,22 серпня 2024,"Київ, гібрид, Київ, офіс, Київ, віддалено",,"Tableau, Excel"
CRM Consultant,SMART business,22 серпня 2024,"Київ, віддалено",,"Power BI, Azure"
Traffic analyst (IGaming),Forsa Recruiting,22 серпня 2024,віддалено,,
Acumatica ERP BA Trainee,Sprinterra,22 серпня 2024,віддалено,,
Business Analyst (healthcare),Sprinterra,22 серпня 2024,віддалено,,Excel
Business Analyst,PioGroup Software,22 серпня 2024,"Харків, віддалено",,
Бухгалтер-аналітик клієнтської підтримки,Self-ERP,22 серпня 2024,"Київ, Львів, віддалено",,
Бізнес-аналітик зі знанням бухгалтерського обліку,BJet,22 серпня 2024,"Львів, віддалено",,
Junior Business Analyst/Project Manager,Patternica,22 серпня 2024,віддалено,$650–900,Excel
Risk analyst,Sense Bank,22 серпня 2024,Київ,,"SQL, Power BI"
Financial Analyst / Controler,12go.asia,22 серпня 2024,віддалено,,"Python, SQL, Excel, Google Sheets"
Data Analyst,12go.asia,22 серпня 2024,віддалено,,"Python, SQL"
Investment & Growth Analyst,Genesis,22 серпня 2024,Київ,,Excel
Technical Business Analyst,Uvik Software,22 серпня 2024,"Чернівці, Івано-Франківськ, за кордоном, віддалено",,Excel
Business analyst,Sense Bank,22 серпня 2024,"Київ, віддалено",,"SQL, Java"
Data Analyst,Intetics,21 серпня 2024,"Київ, Львів, Краків (Польща), Варшава (Польща), Єреван (Вірменія)",,"Python, Pandas, Scikit-learn, SQL, Tableau, Power BI, MongoDB"
Workforce Analyst,Everstar,21 серпня 2024 miltech,Київ,,"Tableau, Power BI, Excel"
Consultant/Analyst of ERP systems (payroll),SMART business,21 серпня 2024,"Київ, віддалено",,"Power BI, Azure"
Senior Data Analyst,Smart Project,21 серпня 2024 GameDev,"Дніпро, Прага (Чехія), віддалено",,"Python, SQL, Tableau"
Data Analyst (OSINT),Osavul,21 серпня 2024 miltech,віддалено,,"Python, SQL, Excel"
BI Analyst,JatApp,21 серпня 2024,"Київ, за кордоном, віддалено",,"Python, SQL, Tableau, AWS"
Business/System Analyst (Senior),INFUSE,21 серпня 2024,віддалено,до $4500,"SQL, Tableau, Power BI, Excel, Google Sheets"
Data Analyst,Beetroot,21 серпня 2024,"Київ, Львів, Одеса, Івано-Франківськ, Кременчук, Полтава",,Excel
Research Data Analyst,Beetroot,21 серпня 2024,"Київ, Львів, Одеса, Івано-Франківськ, Кременчук, Полтава",,Excel
Marketing Analyst,HOLYWATER,21 серпня 2024,"Київ, за кордоном, віддалено",,"Python, SQL, Tableau"
Junior Analyst,Sense Bank,21 серпня 2024,Київ,,"SQL, Java"
Risk Analyst,Covery,21 серпня 2024,"Київ, за кордоном, віддалено",,"Python, Tableau, Power BI, Excel"
Викладач курсу Data Analyst,IT курси Prog Academy (ex. Prog.kiev.ua),20 серпня 2024,віддалено,,"Python, SQL, Tableau, Power BI, Excel"
Business Analyst,Edsson Ukraine LLC,20 серпня 2024,Київ,,
Middle Business Analyst,MASCODE,20 серпня 2024,віддалено,$2000–2500,
Data Analyst,GG.BET,20 серпня 2024,"Київ, за кордоном, віддалено",,"Python, SQL, Tableau, Power BI, Excel"
Business DATA analyst,UKRSIBTECH,20 серпня 2024,"Київ, віддалено",,"SQL, Tableau, Power BI, Excel"
Data Analyst,Avenga,20 серпня 2024,"Київ, Харків, Львів, Вінниця, Івано-Франківськ, Луцьк, Полтава, Хмельницький, Черкаси, Гданськ (Польща), Краків (Польща), Варшава (Польща), Вроцлав (Польща), віддалено",,SQL
System Analyst,LIGA ZAKON,20 серпня 2024,"Київ, віддалено",,SQL
Senior/Middle Data Analyst (Arbitrage),UPSTARS,20 серпня 2024,"Київ, Варшава (Польща), віддалено",,"Python, SQL, Tableau"
Trainee Business Analyst,Smartworkers,20 серпня 2024 Перша робота,віддалено,$300–500,
"Trainee Business Analyst (Individual Training, BA Internship)",SysGears,20 серпня 2024 Перша робота,"Львів, Дніпро, віддалено",,
Business Analyst,AMO,20 серпня 2024,Київ,,
Senior Business Analyst,Atwix,20 серпня 2024,за кордоном,,Excel
Business Analyst,Memcrab,20 серпня 2024,"Вінниця, віддалено",до $2500,
Middle Business Analyst,MODUS X,20 серпня 2024,"Київ, віддалено",,
Strong Middle/Senior IT Process Business Analyst (IT PMO),ПриватБанк,20 серпня 2024,віддалено,,
IT Middle Business Analyst,ПриватБанк,20 серпня 2024,віддалено,,
Consultant/Analyst of ERP systems (finance),SMART business,19 серпня 2024,"Київ, віддалено",,"Power BI, Azure"
Data Analyst,SBC Digital,19 серпня 2024,"Прага (Чехія), віддалено",$1500–2000,"Python, SQL, Excel"
Data Analyst,OBRIO,19 серпня 2024,"Київ, Варшава (Польща), віддалено",,"Python, Pandas, SQL, Tableau"
System Analyst,Sense Bank,19 серпня 2024,"Київ, Дніпро, віддалено",,"SQL, Java"
Бізнес-аналітик для впровадження Інтегрованої інформаційної системи «Геоінформаційна система Містобудівний кадастр державного рівня»,Фонд Східна Європа,19 серпня 2024,Київ,,
Фінансовий менеджер/аналітик,Око Камера,19 серпня 2024 miltech,Київ,,
Junior+ Market Analyst,AltexSoft,19 серпня 2024,віддалено,,
Middle Business Analyst (Реєстри МВС),"""ІНФОТЕХ""",19 серпня 2024 govtech,Київ,,"SQL, PostgreSQL"
Business Analytics,Фонд Східна Європа,19 серпня 2024,Київ,,
Financial Analyst in Business Intelligence Team,ZONE3000,19 серпня 2024,віддалено,,"Python,  R , SQL, Tableau, Power BI, Excel"
Strong Middle/Senior Business Analyst,Sigma Software,19 серпня 2024,"за кордоном, віддалено",,Excel
Data Business Analyst,MODUS X,19 серпня 2024,Київ,,"Python, SQL, Power BI"
Senior Business Analyst (SK-3024),Pwrteams,19 серпня 2024,"Київ, Львів, віддалено",,Excel
Financial Analyst,Improvs,19 серпня 2024,віддалено,,"Excel, Google Sheets"
System Analyst (ID 000125),OTP Bank Ukraine,19 серпня 2024 бронювання,"Київ, віддалено",,SQL
Business Analyst,Artkai,19 серпня 2024,віддалено,,"Java, Excel"
Бізнес-аналітик (WEB та APP),MOYO,19 серпня 2024,віддалено,,
Data Lead & Modeler,Nestlogic,19 серпня 2024,"Київ, Вінниця, віддалено",,"SQL, Scala, Excel"
"Data Scientist/Researcher/Analyst (віддалено, part-time, вся Україна)",Intego Group,19 серпня 2024,"Київ, Харків, віддалено",,Python
Business Analyst,MODUS X,19 серпня 2024 бронювання,"Київ, віддалено",,
Senior/Middle Business Analyst,Nova Digital,19 серпня 2024,"Київ, віддалено",,
Financial Analyst,ДЗЕН,19 серпня 2024,віддалено,,"Excel, Google Sheets"
Financial Analyst (Kiss My Apps),Kiss My Apps,19 серпня 2024,віддалено,,"SQL, Power BI, Excel"
Junior Product Analyst,appflame,19 серпня 2024,Київ,,"Python, SQL, Tableau"
Lead Business Analyst/Product Manager (#2082),N-iX,19 серпня 2024,"Київ, Львів, Дніпро, Вінниця, Івано-Франківськ, Тернопіль, віддалено",,Excel
Senior Data Analyst (#2094),N-iX,19 серпня 2024,"Київ, Львів, Дніпро, Вінниця, Івано-Франківськ, Тернопіль, віддалено",,"Python, Pandas, SQL, Tableau, Excel"
Senior Business Analyst (#2031),N-iX,19 серпня 2024,"Київ, Львів, Дніпро, Вінниця, Івано-Франківськ, Тернопіль, віддалено",,Excel
Бізнес Аналітик (ID 000137),OTP Bank Ukraine,19 серпня 2024,"Київ, віддалено",,SQL
Business Systems Analyst (HRMS project),Uklon,19 серпня 2024,"Київ, віддалено",,
Junior Operational Analytics Specialist,Solidgate,17 серпня 2024 Перша робота,Київ,,"SQL, Tableau, Excel"
System/Business Analyst,Solidgate,17 серпня 2024,"Київ, віддалено",,SQL
Junior Business Operations & Analytics Specialist,Solidgate,17 серпня 2024 Перша робота,Київ,,"SQL, Tableau, Excel"
Business Analyst,Nextcode.Tech,16 серпня 2024,"за кордоном, віддалено",,Excel
Analytics Lead,Growe,16 серпня 2024,Варшава (Польща),,"Python, Pandas, NumPy, Matplotlib, Scikit-learn, SQL, Tableau, Excel"
Product Analyst (Marketing),MacPaw,16 серпня 2024,"Київ, віддалено",,"Python, SQL, Java, Tableau, Power BI"
Data Analyst,Transparency International Ukraine,16 серпня 2024,"Київ, віддалено",,SQL
Data Analyst,UPSTARS,16 серпня 2024,"Варшава (Польща), віддалено",,"Python, SQL, Tableau"
Business Analyst,SmartHub,16 серпня 2024,Київ,,
Senior BA with BI reporting experience,Intellias,16 серпня 2024,,,"SQL, Excel, AWS"
Middle Product Analyst,HOLYWATER,16 серпня 2024,"Київ, віддалено",,"Python, SQL, Tableau, AWS"
Бізнес-аналітик проєктів електронного документообігу,KERNEL,16 серпня 2024,Київ,,
Data Analyst,Performics Ukraine,16 серпня 2024,Київ,,"Python, SQL, Java, Power BI, Excel"
Junior Marketing Data Analyst,Lift.,16 серпня 2024,Київ,,"Python, Pandas, NumPy, Matplotlib, SQL, Tableau, Power BI"
Junior Product Analyst,appflame,16 серпня 2024,Київ,,"SQL, Tableau"
Technical Support / Software Support Analyst,AXDRAFT,16 серпня 2024,"Київ, віддалено",,"Python, Java, Excel"
Support Analyst (FinTech),Boovatech,15 серпня 2024,"Київ, за кордоном, віддалено",,"SQL, Excel"
Data Analyst,SoftPositive,15 серпня 2024,віддалено,$1500–3000,"Python, SQL, Java, Power BI, Excel, Spark, AWS"
Product Development Engineer (Fixed-term contract),Renesas Electronics Corp.,15 серпня 2024,"Львів, віддалено",,
Data Analyst / Data Scientist,Jooble,15 серпня 2024,"Київ, Луцьк, віддалено",,"Python, Pandas, NumPy, Hadoop, PyTorch, Spark"
Middle+ Business Analyst,Raccoon Gang,15 серпня 2024,віддалено,,Excel
Senior BI specialist,Centro team,15 серпня 2024,"Лімасол (Кіпр), віддалено",,"Python, Pandas, NumPy, Seaborn, SQL, Tableau"
Business analyst,Rich Media Systems,15 серпня 2024,віддалено,,Excel
Salesforce FSC Business Analyst,Livatek,15 серпня 2024,"за кордоном, віддалено",,
It Business Analyst,Mobilunity,15 серпня 2024,"Київ, віддалено",,Excel
Business Analyst,Axon,15 серпня 2024,"Краків (Польща), віддалено",$1700–2200,Excel
Системний аналітик (Data Warehouse),Nova Digital,15 серпня 2024,Київ,,SQL
Commercial analyst (SQL),Kyivstar,14 серпня 2024,Київ,,"SQL, Excel"
Аналітик 1С,CFG,14 серпня 2024,віддалено,,"SQL, Excel"
Business Analyst (бізнес-аналітик),HOTLINE.FINANCE,14 серпня 2024,Київ,,
Бізнес-аналітик,YASNO,14 серпня 2024,"Київ, віддалено",,Azure
Lead Penetration Test Engineer / Threat Analyst (m/f/d) (ID:1260),Infopulse,14 серпня 2024,"Київ, Львів, Одеса, Вінниця, Івано-Франківськ, Житомир, Бидгощ (Польща), Гданськ (Польща), Варшава (Польща), Лодзь (Польща), віддалено",,"SQL, Java"
Junior Research Analyst,Smart Team,14 серпня 2024 Перша робота,"Київ, віддалено",,"Python, SQL"
Business Analyst Creatio,MODUS X,14 серпня 2024,"Київ, віддалено",,
Бізнес аналітик (HR-процеси),Добробут,14 серпня 2024 бронювання,Київ,від $1500,
Business Analyst,VoIPTime,14 серпня 2024,Львів,,
Senior Business Analyst,Tutorpeers,14 серпня 2024,віддалено,,
HUMINT Analyst / Social Engineer,ACIR,14 серпня 2024 miltech бронювання,Київ,,
"Senior Product Engineer (Semiconductor Data Analysis, Production Support)",Renesas Electronics Corp.,13 серпня 2024,Львів,,"Python,  R , Excel"
Data Analyst,Kyla,13 серпня 2024,віддалено,$2000–3500,"Python, SQL, Tableau, Excel"
Finance Analyst,SKELAR,13 серпня 2024,Київ,,Tableau
Senior Data Analyst (Data Vault),Globaldev Group,13 серпня 2024,"Одеса, Вінниця, Варшава (Польща), Краків (Польща), віддалено",,Excel
Busines Analist,Mticket,13 серпня 2024,Київ,,
Project Manager\Business Analyst,ПриватБанк,13 серпня 2024,віддалено,,
Junior system analyst,Intertop Ukraine,13 серпня 2024,Київ,,
Marketing Analyst,newage.,13 серпня 2024,"Київ, віддалено",,"Python, Pandas, NumPy, SQL, Power BI, Excel, Google Sheets, PostgreSQL"
Data Analyst (Operations Research),TemaBit Fozzy Group,13 серпня 2024,"Київ, віддалено",,"Python, SQL, Tableau, Power BI"
Бізнес-аналітик Департаменту IT операцій,ПриватБанк,13 серпня 2024,віддалено,,
Junior Operations Analyst,Solidgate,13 серпня 2024 Перша робота,Київ,,"Python, SQL, Tableau"
DeFi Investment Analyst,WhiteBIT,13 серпня 2024,"за кордоном, віддалено",,
Аналітик комп’ютерних систем (SAP),OKKO Group,13 серпня 2024 бронювання,Львів,,
Бізнес-аналітик (автоматизовані системи управління),OKKO Group,13 серпня 2024 бронювання,Львів,,
Керівник департаменту аналітики в Бюро кредитних історій,Міжнародне бюро кредитних історій (МБКІ),13 серпня 2024,"Київ, віддалено",,"Python, SQL"
Business Analyst 1C,OKKO Group,13 серпня 2024 бронювання,Львів,,
Провідний аналітик 1С,VIDI,13 серпня 2024 бронювання,Київ,$1400–1500,
Бізнес-аналітик,VIDI,13 серпня 2024 бронювання,Київ,$1050–1300,
IT Business/System Analyst (Payments Team) RozetkaPay,EVO,13 серпня 2024,"Київ, віддалено",,Scala
Middle/Senior IT System Analyst,ПриватБанк,13 серпня 2024,віддалено,,SQL
Project Manager / Business Analyst,Perspective,13 серпня 2024,Київ,,
data analyst,ESCA,13 серпня 2024,Дніпро,$900–950,"SQL, Excel"
marketing analyst,ESCA,13 серпня 2024,віддалено,$3000–3700,"SQL, Tableau, Excel"
Middle/Senior System Analyst,ПриватБанк,13 серпня 2024,віддалено,,"SQL, NoSQL, AWS"
Data Analyst,WhiteBIT,12 серпня 2024,за кордоном,,"SQL, Excel"
Data Analyst (Billing),Brainstack,12 серпня 2024,"Київ, віддалено",,"Python, SQL, Tableau, PostgreSQL, AWS"
Marketing Data Analyst,Brainstack,12 серпня 2024,Київ,,"Python, SQL, Tableau, PostgreSQL, AWS"
Marketing Analyst,Basenji Apps,12 серпня 2024,віддалено,,"Python,  R , SQL, PostgreSQL"
Data Analyst,Basenji Apps,12 серпня 2024,віддалено,,"Python,  R , SQL, PostgreSQL"
Middle Data Scientist,appflame,12 серпня 2024,Київ,,"Python, SQL, Tableau, XGBoost, AWS"
Strategy&Growth Analyst,appflame,12 серпня 2024,Київ,,"SQL, Excel"
Бізнес аналітик,Лінія магазинів EVA,12 серпня 2024,"Дніпро, віддалено",,SQL
Business Analyst (e-commerce),ArtPix 3D,12 серпня 2024,віддалено,,Excel
Senior/Middle Business Analyst (Logistics),ROZETKA,12 серпня 2024,Київ,,
"Аналітик АБС Б2, Lead Analyst",Tallium Inc.,12 серпня 2024,"Київ, віддалено",,SQL
Аналітик загроз безпеки (OSINT),Association of Ukrainian Defense Manufacturers,12 серпня 2024 miltech бронювання,Київ,$1000–2000,
Business Data Analyst,VisiQuate,12 серпня 2024,"Харків, Львів, Краків (Польща), віддалено",,"SQL, Excel"
"Technical Business Analyst (Strong Junior, Middle)",Platon,12 серпня 2024,віддалено,,
Senior System/Business Analyst,Onicore,12 серпня 2024,"Київ, за кордоном, віддалено",,SQL
Business Analyst/Project Manager,Academy SMART,12 серпня 2024,віддалено,$2500–3200,Excel
Financial Analyst,Phenomenon Studio,12 серпня 2024,віддалено,,
Business analyst,RealTalk,12 серпня 2024,"Київ, віддалено",$800–2000,
"Web Analyst (Poland, EU)",PIN-UP Global,12 серпня 2024,"Єреван (Вірменія), Варшава (Польща), Лімасол (Кіпр), Алмати (Казахстан)",,"SQL, Tableau, Power BI, Excel"
Middle Business Analyst,Kindgeek,12 серпня 2024,"Львів, віддалено",,SQL
Business Analyst [AI team],PIN-UP Global,12 серпня 2024,"Єреван (Вірменія), Варшава (Польща), Лімасол (Кіпр), Алмати (Казахстан)",,"Python, SQL, Tableau"
SEO Experimenter (SEO Analyst),EVOPLAY,12 серпня 2024,"Київ, за кордоном, віддалено",,Java
Системний Аналітик (AI Chatbots),GMS,12 серпня 2024,віддалено,,
System/Business Analyst B2,Sense Bank,12 серпня 2024,"Київ, Дніпро, віддалено",,SQL
Junior Product Analyst,JatApp,12 серпня 2024,"Київ, за кордоном, віддалено",,"SQL, Tableau, Excel, Google Sheets"
Junior/Middle Data Analyst (wellbeing app),SKELAR,12 серпня 2024,"Київ, за кордоном",,"Python, SQL, Tableau, Excel, Google Sheets"
Data Analyst (Marketing),ZONE3000,12 серпня 2024,віддалено,,"Python,  R , SQL, Tableau, Power BI, Excel"
Junior Business Analyst,COAX Software,12 серпня 2024,"Івано-Франківськ, віддалено",,"Python, AWS"
Product Analyst,Headway,12 серпня 2024,"Київ, за кордоном, віддалено",,"Python, SQL, Tableau"
